Resultados por Modelo,,,,,,,,,,,,,,
,,,,Fold 1,,Fold 2,,Fold 3,,Fold 4,,Fold 5,,
Nome do Modelo,Data Aug,Épocas,Learning rate,Acc,Loss,Acc,Loss,Acc,Loss,Acc,Loss,Acc,Loss,Méd+/-DP
Random Forest,N,-,-,0.6179,,0.6502,,0.8299,,0.7452,,0.841,,0.7369+/-0.0908
XGBoost,N,-,-,0.5896,,0.6816,,0.8711,,0.7452,,0.8368,,0.7449+/-0.1025
ResNet-18 ,N,5,0.001,0.6509,,0.5471,,0.8041,,0.7034,,0.8201,,0.7051+/-0.1009
ResNet-18 ,N,10,0.001,0.6321,,0.6547,,0.8505,,0.7605,,0.749,,0.7293+/-0.0788
ResNet-18 ,N,15,0.001,0.6038,,0.6143,,0.768,,0.7719,,0.8201,,0.7156+/-0.0890
ResNet-18 ,N,20,0.001,0.6132,,0.6368,,0.7938,,0.6692,,0.8452,,0.7116+/-0.0913
ResNet-18 ,S,15,0.001,0.5849,0.3109,0.6188,0.3194,0.7887,0.4371,0.73,0.43,0.8117,0.3672,0.7068+/-0.0904
ResNet-18 ,S,40,0.001,0.5425,0.1608,0.6054,0.1316,0.8454,0.2199,0.8137,0.3342,0.8033,0.1254,0.7220+/-0.1234
ResNet-18 ,S,40,0.0001,0.5755,0.0371,0.6278,0.0234,0.7835,0.0446,0.7376,0.0279,0.795,0.0382,0.7039+/-0.0872
ResNet-18 ,S,25,0.0001,0.5708,0.0459,0.5964,0.0357,0.7835,0.0479,0.6806,0.0933,0.7824,0.0502,0.6827+/-0.0895
"ResNet-18, dropout e weight decay",S,25,0.0001,0.566,0.0604,0.6278,0.0635,0.7784,0.0617,0.7186,0.0882,0.8368,0.0468,0.7055+/-0.0982
